ml_run,feature_set,bio_age_model,n_subjects,subject_gap_mae,subject_gain,subject_closer_to_bio_rate,subject_id
run_20260410_175641_ta_healthy_nested_cv_fusion_whole_roi_masked_cached_elasticnet,bio_age_texture_metadata,ridge,873,2.266848462988863,6.941578818416254,0.856815578465063,SUMMARY_ONLY
run_20260411_003506_ta_healthy_nested_cv_fusion_whole_roi_masked_cached_ridge,bio_age_texture_metadata,ridge,873,2.270555537736191,6.998353587884274,0.8717067583046965,SUMMARY_ONLY
run_20260411_005829_ta_healthy_nested_cv_fusion_whole_roi_benchmark_pls_regression,bio_age_texture_metadata,ridge,873,2.375993885057418,6.856435992758542,0.845360824742268,SUMMARY_ONLY
run_20260411_003506_ta_healthy_nested_cv_fusion_whole_roi_masked_cached_ridge,bio_age_ei_texture,ridge,873,2.6806675268088043,6.588241598811662,0.852233676975945,SUMMARY_ONLY
run_20260410_175641_ta_healthy_nested_cv_fusion_whole_roi_masked_cached_elasticnet,bio_age_ei_texture,ridge,873,2.7120571032113925,6.496370178193724,0.8442153493699885,SUMMARY_ONLY
run_20260402_151438_ta_healthy_nested_cv_elasticnet,bio_age_texture_metadata,ridge,873,2.76632539667616,6.702021090532698,0.8373424971363116,SUMMARY_ONLY
run_20260411_005829_ta_healthy_nested_cv_fusion_whole_roi_benchmark_pls_regression,bio_age_ei_texture,ridge,873,2.882723121514944,6.349706756301016,0.8384879725085911,SUMMARY_ONLY
run_20260411_003506_ta_healthy_nested_cv_fusion_whole_roi_masked_cached_ridge,bio_age_texture,ridge,873,2.893636946363773,6.375272179256694,0.847651775486827,SUMMARY_ONLY
run_20260410_175641_ta_healthy_nested_cv_fusion_whole_roi_masked_cached_elasticnet,supplement_ei_texture_morphology,ridge,873,2.9045812160632267,6.30384606534189,0.8224513172966781,SUMMARY_ONLY
run_20260410_175641_ta_healthy_nested_cv_fusion_whole_roi_masked_cached_elasticnet,bio_age_texture,ridge,873,2.91722587795762,6.291201403447497,0.8384879725085911,SUMMARY_ONLY
run_20260411_003506_ta_healthy_nested_cv_fusion_whole_roi_masked_cached_ridge,supplement_ei_texture_morphology,ridge,873,2.932754229143756,6.33615489647671,0.8224513172966781,SUMMARY_ONLY
run_20260411_005829_ta_healthy_nested_cv_fusion_whole_roi_benchmark_pls_regression,bio_age_texture,ridge,873,3.0416169221855207,6.19081295563044,0.8350515463917526,SUMMARY_ONLY
run_20260410_175641_ta_healthy_nested_cv_fusion_whole_roi_masked_cached_elasticnet,bio_age_full_image_upper_bound,ridge,873,3.125986232440301,6.082441048964816,0.8052691867124857,SUMMARY_ONLY
run_20260411_005829_ta_healthy_nested_cv_fusion_whole_roi_benchmark_pls_regression,supplement_ei_texture_morphology,ridge,873,3.145641331695004,6.086788546120957,0.8087056128293242,SUMMARY_ONLY
run_20260411_005829_ta_healthy_nested_cv_fusion_whole_roi_benchmark_huber,bio_age_texture_metadata,ridge,873,3.1503879506158805,6.125535817998094,0.8132875143184422,SUMMARY_ONLY
run_20260411_003506_ta_healthy_nested_cv_fusion_whole_roi_masked_cached_ridge,bio_age_full_image_upper_bound,ridge,873,3.216173615766414,6.0527355098540525,0.8018327605956472,SUMMARY_ONLY
run_20260411_005829_ta_healthy_nested_cv_fusion_whole_roi_benchmark_huber,supplement_ei_texture_morphology,ridge,873,3.254392430851841,6.021531337762134,0.8064146620847652,SUMMARY_ONLY
run_20260411_005829_ta_healthy_nested_cv_fusion_whole_roi_benchmark_pls_regression,bio_age_full_image_upper_bound,ridge,873,3.308525390782504,5.9239044870334565,0.7938144329896907,SUMMARY_ONLY
run_20260410_173622_ta_healthy_nested_cv_roi_only_masked_elasticnet,bio_age_ei_metadata,ridge,873,3.348101879565921,7.071760720663174,0.8350515463917526,SUMMARY_ONLY
run_20260410_175535_ta_healthy_nested_cv_roi_only_masked_cached_ridge,bio_age_ei_metadata,ridge,873,3.424794285145618,6.913803232991075,0.8361970217640321,SUMMARY_ONLY
run_20260411_005829_ta_healthy_nested_cv_fusion_whole_roi_benchmark_huber,bio_age_ei_texture,ridge,873,3.471445041483232,5.804478727130743,0.7949599083619702,SUMMARY_ONLY
run_20260410_173622_ta_healthy_nested_cv_roi_only_masked_elasticnet,supplement_ei_morphology,ridge,873,3.4723872875541923,6.947475312674903,0.8361970217640321,SUMMARY_ONLY
run_20260411_005829_ta_healthy_nested_cv_fusion_whole_roi_benchmark_huber,bio_age_full_image_upper_bound,ridge,873,3.48007067632995,5.795853092284025,0.7972508591065293,SUMMARY_ONLY
run_20260401_173843_ta_healthy_nested_cv_elasticnet,bio_age_texture_metadata,ridge,873,3.574082777324392,6.116443186784046,0.8201603665521191,SUMMARY_ONLY
run_20260401_173642_ta_healthy_nested_cv_ridge,bio_age_texture_metadata,ridge,873,3.586498966222843,6.12075735298296,0.8247422680412371,SUMMARY_ONLY
run_20260402_151438_ta_healthy_nested_cv_elasticnet,bio_age_texture,ridge,873,3.6078347558029527,5.860511731405905,0.7995418098510882,SUMMARY_ONLY
run_20260410_175535_ta_healthy_nested_cv_roi_only_masked_cached_ridge,supplement_ei_morphology,ridge,873,3.6659792662884096,6.672618251848283,0.8247422680412371,SUMMARY_ONLY
run_20260402_151438_ta_healthy_nested_cv_elasticnet,bio_age_ei_texture,ridge,873,3.6857745373378,5.782571949871058,0.7869415807560137,SUMMARY_ONLY
run_20260411_003506_ta_healthy_nested_cv_fusion_whole_roi_masked_cached_ridge,supplement_glcm_only,ridge,873,3.688889833455916,5.58001929216455,0.7983963344788088,SUMMARY_ONLY
run_20260411_005829_ta_healthy_nested_cv_fusion_whole_roi_benchmark_huber,bio_age_texture,ridge,873,3.696072263395156,5.579851505218819,0.7789232531500573,SUMMARY_ONLY
run_20260411_012913_ta_healthy_nested_cv_fusion_whole_roi_benchmark_xgboost,bio_age_texture_metadata,ridge,873,3.71081066921805,5.484096795463126,0.7835051546391752,SUMMARY_ONLY
run_20260411_003506_ta_healthy_nested_cv_fusion_whole_roi_masked_cached_ridge,supplement_lbp_only,ridge,873,3.730567313414694,5.538341812205772,0.7812142038946163,SUMMARY_ONLY
run_20260402_151438_ta_healthy_nested_cv_elasticnet,supplement_lbp_only,ridge,873,3.732552139053764,5.735794348155094,0.7800687285223368,SUMMARY_ONLY
run_20260410_175641_ta_healthy_nested_cv_fusion_whole_roi_masked_cached_elasticnet,supplement_glcm_only,ridge,873,3.763326889288608,5.445100392116508,0.7983963344788088,SUMMARY_ONLY
run_20260411_005829_ta_healthy_nested_cv_fusion_whole_roi_benchmark_pls_regression,supplement_glcm_only,ridge,873,3.7994321306358207,5.432997747180139,0.7915234822451317,SUMMARY_ONLY
run_20260410_175641_ta_healthy_nested_cv_fusion_whole_roi_masked_cached_elasticnet,supplement_lbp_only,ridge,873,3.811967862087141,5.396459419317976,0.7731958762886598,SUMMARY_ONLY
run_20260411_010829_ta_healthy_nested_cv_fusion_whole_roi_benchmark_compact_hist_gradient_boosting,bio_age_texture_metadata,ridge,873,3.861348889506953,5.442827628247915,0.7720504009163803,SUMMARY_ONLY
run_20260402_151438_ta_healthy_nested_cv_elasticnet,supplement_glcm_only,ridge,873,3.8616178183781913,5.606728668830668,0.7777777777777778,SUMMARY_ONLY
run_20260411_005901_ta_healthy_nested_cv_fusion_whole_roi_benchmark_svr,bio_age_texture_metadata,ridge,873,3.896093558797295,4.915305849373764,0.7605956471935853,SUMMARY_ONLY
run_20260411_005829_ta_healthy_nested_cv_fusion_whole_roi_benchmark_pls_regression,supplement_lbp_only,ridge,873,3.905442262440229,5.326987615375732,0.7777777777777778,SUMMARY_ONLY
run_20260401_173843_ta_healthy_nested_cv_elasticnet,supplement_glcm_only,ridge,873,3.925489833346776,5.765036130761663,0.7983963344788088,SUMMARY_ONLY
run_20260402_151438_ta_healthy_nested_cv_elasticnet,bio_age_full_image_upper_bound,ridge,873,3.92930569069778,5.539040796511078,0.7869415807560137,SUMMARY_ONLY
run_20260401_175400_ta_healthy_nested_cv_random_forest,supplement_lbp_only,ridge,873,3.931620809396168,5.929272699576721,0.7835051546391752,SUMMARY_ONLY
run_20260411_142335_ta_healthy_nested_cv_fusion_whole_roi_rfe_svr_svr,bio_age_texture_metadata,ridge,873,3.932572058791342,4.929867383743977,0.7560137457044673,SUMMARY_ONLY
run_20260401_173642_ta_healthy_nested_cv_ridge,supplement_glcm_only,ridge,873,3.956512912241033,5.750743406964769,0.7949599083619702,SUMMARY_ONLY
run_20260411_012913_ta_healthy_nested_cv_fusion_whole_roi_benchmark_xgboost,supplement_lbp_only,ridge,873,3.9611657984943247,5.233741666186852,0.7479954180985109,SUMMARY_ONLY
run_20260411_012913_ta_healthy_nested_cv_fusion_whole_roi_benchmark_xgboost,supplement_glcm_only,ridge,873,3.979280212664872,5.215627252016304,0.7605956471935853,SUMMARY_ONLY
run_20260411_012913_ta_healthy_nested_cv_fusion_whole_roi_benchmark_xgboost,bio_age_texture,ridge,873,3.9827356891275394,5.212171775553637,0.7651775486827033,SUMMARY_ONLY
run_20260402_151438_ta_healthy_nested_cv_elasticnet,supplement_ei_texture_morphology,ridge,873,3.9848090667295177,5.48353742047934,0.7640320733104238,SUMMARY_ONLY
run_20260411_010829_ta_healthy_nested_cv_fusion_whole_roi_benchmark_compact_hist_gradient_boosting,supplement_glcm_only,ridge,873,4.000432908084945,5.303743609669923,0.7651775486827033,SUMMARY_ONLY
run_20260401_173843_ta_healthy_nested_cv_elasticnet,supplement_lbp_only,ridge,873,4.007038553674353,5.683487410434085,0.7846506300114547,SUMMARY_ONLY
run_20260411_010829_ta_healthy_nested_cv_fusion_whole_roi_benchmark_compact_hist_gradient_boosting,supplement_lbp_only,ridge,873,4.00932115894666,5.294855358808208,0.7468499427262314,SUMMARY_ONLY
run_20260411_010829_ta_healthy_nested_cv_fusion_whole_roi_benchmark_compact_hist_gradient_boosting,bio_age_texture,ridge,873,4.016224827353466,5.287951690401402,0.7812142038946163,SUMMARY_ONLY
run_20260411_012913_ta_healthy_nested_cv_fusion_whole_roi_benchmark_xgboost,bio_age_ei_texture,ridge,873,4.021612341848836,5.17329512283234,0.7686139747995419,SUMMARY_ONLY
run_20260401_173642_ta_healthy_nested_cv_ridge,supplement_lbp_only,ridge,873,4.026527322046922,5.68072899715888,0.7835051546391752,SUMMARY_ONLY
run_20260401_175400_ta_healthy_nested_cv_random_forest,supplement_glrlm_glszm_only,ridge,873,4.027322288915784,5.833571220057106,0.7846506300114547,SUMMARY_ONLY
run_20260401_175400_ta_healthy_nested_cv_random_forest,supplement_whole_first_order,ridge,873,4.031048964339501,5.829844544633389,0.7697594501718213,SUMMARY_ONLY
run_20260411_005901_ta_healthy_nested_cv_fusion_whole_roi_benchmark_svr,bio_age_ei_texture,ridge,873,4.034104814962205,4.777294593208854,0.738831615120275,SUMMARY_ONLY
run_20260411_010829_ta_healthy_nested_cv_fusion_whole_roi_benchmark_compact_hist_gradient_boosting,bio_age_ei_texture,ridge,873,4.038552031324779,5.265624486430089,0.7743413516609393,SUMMARY_ONLY
run_20260411_005901_ta_healthy_nested_cv_fusion_whole_roi_benchmark_svr,bio_age_texture,ridge,873,4.079157030836208,4.732242377334852,0.7479954180985109,SUMMARY_ONLY
run_20260411_142335_ta_healthy_nested_cv_fusion_whole_roi_rfe_svr_svr,bio_age_ei_texture,ridge,873,4.1285782118366186,4.7338612306987,0.7353951890034365,SUMMARY_ONLY
run_20260411_142335_ta_healthy_nested_cv_fusion_whole_roi_rfe_svr_svr,bio_age_texture,ridge,873,4.149253635130255,4.713185807405064,0.7479954180985109,SUMMARY_ONLY
run_20260401_175400_ta_healthy_nested_cv_random_forest,supplement_ei_whole_first_order,ridge,873,4.149341576858108,5.711551932114782,0.7628865979381443,SUMMARY_ONLY
run_20260411_005901_ta_healthy_nested_cv_fusion_whole_roi_benchmark_svr,supplement_ei_texture_morphology,ridge,873,4.154054403324276,4.657345004846784,0.7331042382588774,SUMMARY_ONLY
run_20260401_173843_ta_healthy_nested_cv_elasticnet,bio_age_texture,ridge,873,4.188046548436808,5.502479415671631,0.7938144329896907,SUMMARY_ONLY
run_20260401_175400_ta_healthy_nested_cv_random_forest,supplement_glcm_only,ridge,873,4.191567060853321,5.669326448119569,0.7754868270332188,SUMMARY_ONLY
run_20260401_173642_ta_healthy_nested_cv_ridge,bio_age_texture,ridge,873,4.195208609771379,5.512047709434423,0.7983963344788088,SUMMARY_ONLY
run_20260411_005901_ta_healthy_nested_cv_fusion_whole_roi_benchmark_svr,supplement_glcm_only,ridge,873,4.216380191980088,4.595019216190972,0.7308132875143184,SUMMARY_ONLY
run_20260402_151438_ta_healthy_nested_cv_elasticnet,supplement_glrlm_glszm_only,ridge,873,4.227790516101704,5.240555971107154,0.7674684994272624,SUMMARY_ONLY
run_20260411_005901_ta_healthy_nested_cv_fusion_whole_roi_benchmark_svr,bio_age_full_image_upper_bound,ridge,873,4.236861753792882,4.574537654378178,0.7422680412371134,SUMMARY_ONLY
run_20260411_142335_ta_healthy_nested_cv_fusion_whole_roi_rfe_svr_svr,supplement_ei_texture_morphology,ridge,873,4.251246248662883,4.611193193872436,0.7308132875143184,SUMMARY_ONLY
run_20260401_173843_ta_healthy_nested_cv_elasticnet,bio_age_ei_texture,ridge,873,4.254722451854963,5.435803512253475,0.7697594501718213,SUMMARY_ONLY
run_20260401_173642_ta_healthy_nested_cv_ridge,bio_age_ei_texture,ridge,873,4.271894742878471,5.435361576327331,0.7789232531500573,SUMMARY_ONLY
run_20260411_142335_ta_healthy_nested_cv_fusion_whole_roi_rfe_svr_svr,supplement_glcm_only,ridge,873,4.302311545487228,4.5601278970480905,0.7285223367697594,SUMMARY_ONLY
run_20260411_142335_ta_healthy_nested_cv_fusion_whole_roi_rfe_svr_svr,bio_age_full_image_upper_bound,ridge,873,4.321114414386229,4.54132502814909,0.7273768613974799,SUMMARY_ONLY
run_20260401_173843_ta_healthy_nested_cv_elasticnet,bio_age_ei_metadata,ridge,873,4.342176229419005,5.3483497346894335,0.7548682703321878,SUMMARY_ONLY
run_20260402_151438_ta_healthy_nested_cv_elasticnet,bio_age_ei_metadata,ridge,873,4.342200653981665,5.126145833227193,0.7296678121420389,SUMMARY_ONLY
run_20260401_173642_ta_healthy_nested_cv_ridge,bio_age_ei_metadata,ridge,873,4.345649909593603,5.361606409612199,0.7571592210767468,SUMMARY_ONLY
run_20260401_173843_ta_healthy_nested_cv_elasticnet,supplement_glrlm_glszm_only,ridge,873,4.355746485898056,5.334779478210383,0.7457044673539519,SUMMARY_ONLY
run_20260411_012913_ta_healthy_nested_cv_fusion_whole_roi_benchmark_xgboost,supplement_ei_texture_morphology,ridge,873,4.375641725263643,4.819265739417533,0.7422680412371134,SUMMARY_ONLY
run_20260401_173642_ta_healthy_nested_cv_ridge,supplement_glrlm_glszm_only,ridge,873,4.3782584314246815,5.328997887781121,0.7502863688430699,SUMMARY_ONLY
run_20260410_175535_ta_healthy_nested_cv_roi_only_masked_cached_ridge,bio_age_texture_metadata,ridge,873,4.384610327660165,5.953987190476528,0.7846506300114547,SUMMARY_ONLY
run_20260411_003506_ta_healthy_nested_cv_fusion_whole_roi_masked_cached_ridge,supplement_glrlm_glszm_only,ridge,873,4.406920116440962,4.861989009179504,0.7502863688430699,SUMMARY_ONLY
run_20260401_175400_ta_healthy_nested_cv_random_forest,bio_age_texture,ridge,873,4.41444787028022,5.44644563869267,0.7789232531500573,SUMMARY_ONLY
run_20260401_175400_ta_healthy_nested_cv_random_forest,supplement_ei_partition,ridge,873,4.429666087360381,5.431227421612508,0.7594501718213058,SUMMARY_ONLY
run_20260401_175400_ta_healthy_nested_cv_random_forest,bio_age_ei_texture,ridge,873,4.43934943150895,5.421544077463939,0.7789232531500573,SUMMARY_ONLY
run_20260401_173843_ta_healthy_nested_cv_elasticnet,bio_age_full_image_upper_bound,ridge,873,4.44168988930174,5.248836074806698,0.7720504009163803,SUMMARY_ONLY
run_20260401_173642_ta_healthy_nested_cv_ridge,bio_age_full_image_upper_bound,ridge,873,4.445795693683568,5.2614606255222345,0.7743413516609393,SUMMARY_ONLY
run_20260411_010829_ta_healthy_nested_cv_fusion_whole_roi_benchmark_compact_hist_gradient_boosting,supplement_ei_texture_morphology,ridge,873,4.4490846343694965,4.855091883385372,0.7399770904925544,SUMMARY_ONLY
run_20260411_010829_ta_healthy_nested_cv_fusion_whole_roi_benchmark_compact_hist_gradient_boosting,supplement_glrlm_glszm_only,ridge,873,4.457896871740361,4.846279646014508,0.7457044673539519,SUMMARY_ONLY
run_20260410_173622_ta_healthy_nested_cv_roi_only_masked_elasticnet,bio_age_texture_metadata,ridge,873,4.484198015285536,5.935664584943559,0.8018327605956472,SUMMARY_ONLY
run_20260401_173843_ta_healthy_nested_cv_elasticnet,supplement_whole_first_order,ridge,873,4.490938513946218,5.199587450162221,0.738831615120275,SUMMARY_ONLY
run_20260401_173642_ta_healthy_nested_cv_ridge,supplement_whole_first_order,ridge,873,4.501078487869941,5.206177831335862,0.7525773195876289,SUMMARY_ONLY
run_20260402_151438_ta_healthy_nested_cv_elasticnet,supplement_whole_first_order,ridge,873,4.504209248842135,4.964137238366724,0.7457044673539519,SUMMARY_ONLY
run_20260411_005901_ta_healthy_nested_cv_fusion_whole_roi_benchmark_svr,supplement_lbp_only,ridge,873,4.508271049708455,4.3031283584626046,0.7056128293241696,SUMMARY_ONLY
run_20260410_175641_ta_healthy_nested_cv_fusion_whole_roi_masked_cached_elasticnet,supplement_glrlm_glszm_only,ridge,873,4.527007590657093,4.681419690748023,0.7331042382588774,SUMMARY_ONLY
run_20260401_175400_ta_healthy_nested_cv_random_forest,bio_age_texture_metadata,ridge,873,4.528852858308587,5.332040650664302,0.7709049255441008,SUMMARY_ONLY
run_20260401_173843_ta_healthy_nested_cv_elasticnet,supplement_ei_texture_morphology,ridge,873,4.537117624488496,5.153408339619943,0.7548682703321878,SUMMARY_ONLY
run_20260410_173622_ta_healthy_nested_cv_roi_only_masked_elasticnet,bio_age_ei,ridge,873,4.549043769821622,5.870818830407473,0.7766323024054983,SUMMARY_ONLY
run_20260401_173642_ta_healthy_nested_cv_ridge,supplement_ei_texture_morphology,ridge,873,4.549159965197171,5.158096354008632,0.7548682703321878,SUMMARY_ONLY
run_20260411_012913_ta_healthy_nested_cv_fusion_whole_roi_benchmark_xgboost,supplement_glrlm_glszm_only,ridge,873,4.560544766994997,4.634362697686179,0.7250859106529209,SUMMARY_ONLY
run_20260411_142335_ta_healthy_nested_cv_fusion_whole_roi_rfe_svr_svr,supplement_lbp_only,ridge,873,4.5606589181875385,4.30178052434778,0.695303550973654,SUMMARY_ONLY
run_20260411_012913_ta_healthy_nested_cv_fusion_whole_roi_benchmark_xgboost,bio_age_full_image_upper_bound,ridge,873,4.597865572125317,4.5970418925558585,0.7170675830469645,SUMMARY_ONLY
run_20260411_003506_ta_healthy_nested_cv_fusion_whole_roi_masked_cached_ridge,bio_age_ei_metadata,ridge,873,4.635550148424904,4.633358977195562,0.7296678121420389,SUMMARY_ONLY
run_20260411_005829_ta_healthy_nested_cv_fusion_whole_roi_benchmark_pls_regression,supplement_glrlm_glszm_only,ridge,873,4.6442288838752335,4.588200993940727,0.7342497136311569,SUMMARY_ONLY
run_20260411_010829_ta_healthy_nested_cv_fusion_whole_roi_benchmark_compact_hist_gradient_boosting,supplement_ei_whole_first_order,ridge,873,4.652525722053798,4.65165079570107,0.7262313860252004,SUMMARY_ONLY
run_20260401_175400_ta_healthy_nested_cv_random_forest,bio_age_ei,ridge,873,4.654955967259651,5.205937541713238,0.7170675830469645,SUMMARY_ONLY
run_20260411_005829_ta_healthy_nested_cv_fusion_whole_roi_benchmark_huber,supplement_glcm_only,ridge,873,4.6577253867317285,4.618198381882246,0.736540664375716,SUMMARY_ONLY
run_20260411_010829_ta_healthy_nested_cv_fusion_whole_roi_benchmark_compact_hist_gradient_boosting,supplement_ei_morphology,ridge,873,4.666595345684554,4.637581172070314,0.7124856815578465,SUMMARY_ONLY
run_20260401_173843_ta_healthy_nested_cv_elasticnet,supplement_ei_whole_first_order,ridge,873,4.673768528171095,5.016757435937343,0.7273768613974799,SUMMARY_ONLY
run_20260401_173642_ta_healthy_nested_cv_ridge,supplement_ei_whole_first_order,ridge,873,4.681112278802187,5.026144040403615,0.7296678121420389,SUMMARY_ONLY
run_20260411_012913_ta_healthy_nested_cv_fusion_whole_roi_benchmark_xgboost,bio_age_ei_metadata,ridge,873,4.693525516690381,4.501381947990795,0.7056128293241696,SUMMARY_ONLY
run_20260411_005829_ta_healthy_nested_cv_fusion_whole_roi_benchmark_pls_regression,bio_age_ei_metadata,ridge,873,4.713779814343155,4.518650063472805,0.718213058419244,SUMMARY_ONLY
run_20260401_175400_ta_healthy_nested_cv_random_forest,supplement_partition_texture,ridge,873,4.716821641064165,5.144071867908725,0.7376861397479955,SUMMARY_ONLY
run_20260410_175641_ta_healthy_nested_cv_fusion_whole_roi_masked_cached_elasticnet,bio_age_ei_metadata,ridge,873,4.735753760678087,4.47267352072703,0.7239404352806414,SUMMARY_ONLY
run_20260402_151438_ta_healthy_nested_cv_elasticnet,supplement_ei_whole_first_order,ridge,873,4.7395750695530605,4.728771417655798,0.7250859106529209,SUMMARY_ONLY
run_20260411_003506_ta_healthy_nested_cv_fusion_whole_roi_masked_cached_ridge,supplement_ei_morphology,ridge,873,4.744409649545397,4.524499476075069,0.713631156930126,SUMMARY_ONLY
run_20260411_010829_ta_healthy_nested_cv_fusion_whole_roi_benchmark_compact_hist_gradient_boosting,supplement_whole_first_order,ridge,873,4.745810560136199,4.558365957618669,0.7262313860252004,SUMMARY_ONLY
run_20260411_010829_ta_healthy_nested_cv_fusion_whole_roi_benchmark_compact_hist_gradient_boosting,bio_age_ei_metadata,ridge,873,4.750962097811793,4.553214419943076,0.7079037800687286,SUMMARY_ONLY
run_20260401_175400_ta_healthy_nested_cv_random_forest,bio_age_ei_metadata,ridge,873,4.754448281930619,5.10644522704227,0.7331042382588774,SUMMARY_ONLY
run_20260411_010829_ta_healthy_nested_cv_fusion_whole_roi_benchmark_compact_hist_gradient_boosting,supplement_ei_partition,ridge,873,4.756958591694168,4.5472179260607,0.7239404352806414,SUMMARY_ONLY
run_20260401_175400_ta_healthy_nested_cv_random_forest,bio_age_ei,ridge,873,4.761223464710596,5.099670044262293,0.7124856815578465,SUMMARY_ONLY
run_20260410_173622_ta_healthy_nested_cv_roi_only_masked_elasticnet,bio_age_ei,ridge,873,4.76573265449025,5.654129945738845,0.7743413516609393,SUMMARY_ONLY
run_20260411_010829_ta_healthy_nested_cv_fusion_whole_roi_benchmark_compact_hist_gradient_boosting,bio_age_full_image_upper_bound,ridge,873,4.768739040176561,4.535437477578308,0.718213058419244,SUMMARY_ONLY
run_20260410_173622_ta_healthy_nested_cv_roi_only_masked_elasticnet,supplement_ei_partition,ridge,873,4.769280078427793,5.650582521801302,0.7709049255441008,SUMMARY_ONLY
run_20260410_173622_ta_healthy_nested_cv_roi_only_masked_elasticnet,supplement_glrlm_glszm_only,ridge,873,4.772476358563184,5.647386241665911,0.7800687285223368,SUMMARY_ONLY
run_20260411_012913_ta_healthy_nested_cv_fusion_whole_roi_benchmark_xgboost,supplement_ei_morphology,ridge,873,4.773971657242405,4.420935807438771,0.6987399770904925,SUMMARY_ONLY
run_20260410_175535_ta_healthy_nested_cv_roi_only_masked_cached_ridge,bio_age_ei,ridge,873,4.781491579184544,5.557105938952149,0.7514318442153494,SUMMARY_ONLY
run_20260401_175400_ta_healthy_nested_cv_random_forest,supplement_ei_morphology,ridge,873,4.782448655449762,5.078444853523128,0.7457044673539519,SUMMARY_ONLY
run_20260411_003506_ta_healthy_nested_cv_fusion_whole_roi_masked_cached_ridge,supplement_ei_whole_first_order,ridge,873,4.804016489654598,4.464892635965868,0.7193585337915235,SUMMARY_ONLY
run_20260411_005901_ta_healthy_nested_cv_fusion_whole_roi_benchmark_svr,supplement_glrlm_glszm_only,ridge,873,4.808745263367495,4.002654144803564,0.7010309278350515,SUMMARY_ONLY
run_20260411_012913_ta_healthy_nested_cv_fusion_whole_roi_benchmark_xgboost,supplement_ei_whole_first_order,ridge,873,4.822710966497542,4.372196498183634,0.7044673539518901,SUMMARY_ONLY
run_20260411_012913_ta_healthy_nested_cv_fusion_whole_roi_benchmark_xgboost,supplement_whole_first_order,ridge,873,4.840816110282456,4.35409135439872,0.709049255441008,SUMMARY_ONLY
run_20260410_175535_ta_healthy_nested_cv_roi_only_masked_cached_ridge,bio_age_ei_texture,ridge,873,4.846790892259745,5.491806625876948,0.7583046964490263,SUMMARY_ONLY
run_20260411_142335_ta_healthy_nested_cv_fusion_whole_roi_rfe_svr_svr,supplement_glrlm_glszm_only,ridge,873,4.870093872557866,3.992345569977453,0.702176403207331,SUMMARY_ONLY
run_20260410_175641_ta_healthy_nested_cv_fusion_whole_roi_masked_cached_elasticnet,supplement_ei_morphology,ridge,873,4.874503711235161,4.333923570169955,0.7056128293241696,SUMMARY_ONLY
run_20260410_173622_ta_healthy_nested_cv_roi_only_masked_elasticnet,supplement_ei_whole_first_order,ridge,873,4.901574469029596,5.518288131199499,0.7605956471935853,SUMMARY_ONLY
run_20260410_175535_ta_healthy_nested_cv_roi_only_masked_cached_ridge,supplement_glrlm_glszm_only,ridge,873,4.908679690910872,5.429917827225821,0.7686139747995419,SUMMARY_ONLY
run_20260411_005829_ta_healthy_nested_cv_fusion_whole_roi_benchmark_pls_regression,supplement_ei_whole_first_order,ridge,873,4.910488386965782,4.321941490850178,0.722794959908362,SUMMARY_ONLY
run_20260410_173622_ta_healthy_nested_cv_roi_only_masked_elasticnet,supplement_lbp_only,ridge,873,4.913078811503624,5.506783788725471,0.7571592210767468,SUMMARY_ONLY
run_20260410_173622_ta_healthy_nested_cv_roi_only_masked_elasticnet,bio_age_ei_texture,ridge,873,4.915654742637893,5.504207857591202,0.7731958762886598,SUMMARY_ONLY
run_20260411_012913_ta_healthy_nested_cv_fusion_whole_roi_benchmark_xgboost,supplement_ei_partition,ridge,873,4.919137628333373,4.275769836347803,0.7033218785796106,SUMMARY_ONLY
run_20260410_175535_ta_healthy_nested_cv_roi_only_masked_cached_ridge,supplement_ei_partition,ridge,873,4.926988782954131,5.411608735182562,0.7686139747995419,SUMMARY_ONLY
run_20260401_175400_ta_healthy_nested_cv_random_forest,supplement_partition_depth,ridge,873,4.935427976243702,4.925465532729188,0.7296678121420389,SUMMARY_ONLY
run_20260410_175641_ta_healthy_nested_cv_fusion_whole_roi_masked_cached_elasticnet,supplement_ei_whole_first_order,ridge,873,4.938148166806188,4.270279114598929,0.7124856815578465,SUMMARY_ONLY
run_20260410_175535_ta_healthy_nested_cv_roi_only_masked_cached_ridge,bio_age_texture,ridge,873,4.93912075042776,5.399476767708933,0.7514318442153494,SUMMARY_ONLY
run_20260411_005829_ta_healthy_nested_cv_fusion_whole_roi_benchmark_pls_regression,supplement_ei_morphology,ridge,873,4.945133438267987,4.287296439547974,0.709049255441008,SUMMARY_ONLY
run_20260411_005829_ta_healthy_nested_cv_fusion_whole_roi_benchmark_huber,supplement_lbp_only,ridge,873,4.959652462395963,4.316271306218012,0.697594501718213,SUMMARY_ONLY
run_20260410_173622_ta_healthy_nested_cv_roi_only_masked_elasticnet,bio_age_texture,ridge,873,4.997224042538801,5.422638557690294,0.7709049255441008,SUMMARY_ONLY
run_20260411_003506_ta_healthy_nested_cv_fusion_whole_roi_masked_cached_ridge,supplement_whole_first_order,ridge,873,4.999768543895431,4.2691405817250345,0.702176403207331,SUMMARY_ONLY
run_20260401_175400_ta_healthy_nested_cv_random_forest,supplement_ei_texture_morphology,ridge,873,5.0055586307251785,4.855334878247711,0.7331042382588774,SUMMARY_ONLY
run_20260410_175535_ta_healthy_nested_cv_roi_only_masked_cached_ridge,bio_age_ei,ridge,873,5.012543803554832,5.326053714581861,0.7525773195876289,SUMMARY_ONLY
run_20260402_151438_ta_healthy_nested_cv_elasticnet,supplement_ei_partition,ridge,873,5.034625358594019,4.43372112861484,0.7147766323024055,SUMMARY_ONLY
run_20260411_010829_ta_healthy_nested_cv_fusion_whole_roi_benchmark_compact_hist_gradient_boosting,supplement_partition_texture,ridge,873,5.073351203760863,4.230825313994005,0.702176403207331,SUMMARY_ONLY
run_20260410_175535_ta_healthy_nested_cv_roi_only_masked_cached_ridge,supplement_ei_whole_first_order,ridge,873,5.074380163202755,5.264217354933938,0.7525773195876289,SUMMARY_ONLY
run_20260410_175535_ta_healthy_nested_cv_roi_only_masked_cached_ridge,supplement_lbp_only,ridge,873,5.076253922294735,5.2623435958419575,0.7548682703321878,SUMMARY_ONLY
run_20260411_005901_ta_healthy_nested_cv_fusion_whole_roi_benchmark_svr,supplement_ei_whole_first_order,ridge,873,5.080389184825021,3.731010223346038,0.6792668957617412,SUMMARY_ONLY
run_20260410_173622_ta_healthy_nested_cv_roi_only_masked_elasticnet,supplement_whole_first_order,ridge,873,5.08589867405676,5.333963926172335,0.7583046964490263,SUMMARY_ONLY
run_20260401_175400_ta_healthy_nested_cv_random_forest,supplement_partition_width,ridge,873,5.088057827018562,4.772835681954327,0.697594501718213,SUMMARY_ONLY
run_20260410_173622_ta_healthy_nested_cv_roi_only_masked_elasticnet,supplement_ei_texture_morphology,ridge,873,5.092437004193574,5.327425596035521,0.7548682703321878,SUMMARY_ONLY
run_20260410_173622_ta_healthy_nested_cv_roi_only_masked_elasticnet,bio_age_full_image_upper_bound,ridge,873,5.101050290326517,5.318812309902578,0.7537227949599083,SUMMARY_ONLY
run_20260411_005829_ta_healthy_nested_cv_fusion_whole_roi_benchmark_pls_regression,supplement_whole_first_order,ridge,873,5.102871191244476,4.129558686571484,0.7147766323024055,SUMMARY_ONLY
run_20260402_151438_ta_healthy_nested_cv_elasticnet,supplement_ei_morphology,ridge,873,5.116474753099044,4.351871734109815,0.6941580756013745,SUMMARY_ONLY
run_20260410_175641_ta_healthy_nested_cv_fusion_whole_roi_masked_cached_elasticnet,supplement_whole_first_order,ridge,873,5.118460139235291,4.089967142169826,0.702176403207331,SUMMARY_ONLY
run_20260411_010829_ta_healthy_nested_cv_fusion_whole_roi_benchmark_compact_hist_gradient_boosting,bio_age_ei,ridge,873,5.127050206418341,4.177126311336528,0.6827033218785796,SUMMARY_ONLY
run_20260410_175535_ta_healthy_nested_cv_roi_only_masked_cached_ridge,bio_age_full_image_upper_bound,ridge,873,5.131928128856795,5.206669389279898,0.7514318442153494,SUMMARY_ONLY
run_20260401_173843_ta_healthy_nested_cv_elasticnet,supplement_ei_morphology,ridge,873,5.144804944707133,4.545721019401306,0.6964490263459335,SUMMARY_ONLY
run_20260401_173642_ta_healthy_nested_cv_ridge,supplement_ei_partition,ridge,873,5.153712291476379,4.553544027729424,0.711340206185567,SUMMARY_ONLY
run_20260401_173843_ta_healthy_nested_cv_elasticnet,supplement_ei_partition,ridge,873,5.157597962513475,4.532928001594963,0.7056128293241696,SUMMARY_ONLY
run_20260411_005901_ta_healthy_nested_cv_fusion_whole_roi_benchmark_svr,supplement_whole_first_order,ridge,873,5.159933243249872,3.651466164921188,0.6746849942726232,SUMMARY_ONLY
run_20260401_173642_ta_healthy_nested_cv_ridge,supplement_ei_morphology,ridge,873,5.161082943426383,4.54617337577942,0.697594501718213,SUMMARY_ONLY
run_20260411_142335_ta_healthy_nested_cv_fusion_whole_roi_rfe_svr_svr,supplement_ei_whole_first_order,ridge,873,5.164236374001858,3.698203068533461,0.6666666666666666,SUMMARY_ONLY
run_20260410_175535_ta_healthy_nested_cv_roi_only_masked_cached_ridge,supplement_ei_texture_morphology,ridge,873,5.167545038761688,5.171052479375005,0.738831615120275,SUMMARY_ONLY
run_20260411_003506_ta_healthy_nested_cv_fusion_whole_roi_masked_cached_ridge,supplement_ei_partition,ridge,873,5.17758479863325,4.091324326987216,0.7273768613974799,SUMMARY_ONLY
run_20260410_173622_ta_healthy_nested_cv_roi_only_masked_elasticnet,supplement_partition_texture,ridge,873,5.226816973397417,5.193045626831678,0.7502863688430699,SUMMARY_ONLY
run_20260411_010829_ta_healthy_nested_cv_fusion_whole_roi_benchmark_compact_hist_gradient_boosting,bio_age_ei,ridge,873,5.233136309999372,4.071040207755496,0.6758304696449027,SUMMARY_ONLY
run_20260411_012913_ta_healthy_nested_cv_fusion_whole_roi_benchmark_xgboost,supplement_partition_texture,ridge,873,5.235811593953091,3.9590958707280848,0.6827033218785796,SUMMARY_ONLY
run_20260411_142335_ta_healthy_nested_cv_fusion_whole_roi_rfe_svr_svr,supplement_whole_first_order,ridge,873,5.241771004166603,3.620668438368716,0.6620847651775487,SUMMARY_ONLY
run_20260411_010008_ta_healthy_nested_cv_fusion_whole_roi_benchmark_kernel_ridge,bio_age_texture_metadata,ridge,873,5.256713625602669,3.934946607310658,0.697594501718213,SUMMARY_ONLY
run_20260411_012913_ta_healthy_nested_cv_fusion_whole_roi_benchmark_xgboost,bio_age_ei,ridge,873,5.275890175664608,3.919017289016568,0.6643757159221076,SUMMARY_ONLY
run_20260411_005901_ta_healthy_nested_cv_fusion_whole_roi_benchmark_svr,supplement_ei_morphology,ridge,873,5.281072425749506,3.530326982421553,0.6620847651775487,SUMMARY_ONLY
run_20260410_175535_ta_healthy_nested_cv_roi_only_masked_cached_ridge,supplement_whole_first_order,ridge,873,5.281298693681993,5.0572988244547,0.7445589919816724,SUMMARY_ONLY
run_20260410_173622_ta_healthy_nested_cv_roi_only_masked_elasticnet,supplement_partition_width,ridge,873,5.288831930037189,5.131030670191906,0.7560137457044673,SUMMARY_ONLY
run_20260402_151438_ta_healthy_nested_cv_elasticnet,supplement_partition_texture,ridge,873,5.289454763771482,4.178891723437377,0.7033218785796106,SUMMARY_ONLY
run_20260411_005829_ta_healthy_nested_cv_fusion_whole_roi_benchmark_pls_regression,supplement_ei_partition,ridge,873,5.290500350203433,3.941929527612527,0.7079037800687286,SUMMARY_ONLY
run_20260411_005901_ta_healthy_nested_cv_fusion_whole_roi_benchmark_svr,supplement_ei_partition,ridge,873,5.29216239088471,3.5192370172863496,0.6804123711340206,SUMMARY_ONLY
run_20260410_175641_ta_healthy_nested_cv_fusion_whole_roi_masked_cached_elasticnet,supplement_ei_partition,ridge,873,5.302272782057988,3.906154499347129,0.699885452462772,SUMMARY_ONLY
run_20260410_173622_ta_healthy_nested_cv_roi_only_masked_elasticnet,supplement_glcm_only,ridge,873,5.313994056351726,5.105868543877369,0.7663230240549829,SUMMARY_ONLY
run_20260411_005901_ta_healthy_nested_cv_fusion_whole_roi_benchmark_svr,bio_age_ei_metadata,ridge,873,5.33024104931142,3.4811583588596395,0.6529209621993127,SUMMARY_ONLY
run_20260410_175535_ta_healthy_nested_cv_roi_only_masked_cached_ridge,supplement_partition_texture,ridge,873,5.357756216936787,4.980841301199906,0.7445589919816724,SUMMARY_ONLY
run_20260401_173642_ta_healthy_nested_cv_ridge,supplement_partition_texture,ridge,873,5.374977131707799,4.332279187498004,0.695303550973654,SUMMARY_ONLY
run_20260410_175535_ta_healthy_nested_cv_roi_only_masked_cached_ridge,supplement_glcm_only,ridge,873,5.375300301898742,4.963297216237951,0.7709049255441008,SUMMARY_ONLY
run_20260401_173843_ta_healthy_nested_cv_elasticnet,supplement_partition_texture,ridge,873,5.3761240129636825,4.314401951144756,0.6884306987399771,SUMMARY_ONLY
run_20260411_142335_ta_healthy_nested_cv_fusion_whole_roi_rfe_svr_svr,supplement_ei_partition,ridge,873,5.382298441029121,3.480141001506197,0.6838487972508591,SUMMARY_ONLY
run_20260411_142335_ta_healthy_nested_cv_fusion_whole_roi_rfe_svr_svr,supplement_ei_morphology,ridge,873,5.382775718195191,3.479663724340128,0.6563573883161512,SUMMARY_ONLY
run_20260410_173622_ta_healthy_nested_cv_roi_only_masked_elasticnet,supplement_partition_depth,ridge,873,5.391490891612612,5.028371708616483,0.736540664375716,SUMMARY_ONLY
run_20260411_012913_ta_healthy_nested_cv_fusion_whole_roi_benchmark_xgboost,bio_age_ei,ridge,873,5.417076958148441,3.777830506532735,0.6563573883161512,SUMMARY_ONLY
run_20260401_175400_ta_healthy_nested_cv_random_forest,bio_age_full_image_upper_bound,ridge,873,5.42735582531928,4.43353768365361,0.7239404352806414,SUMMARY_ONLY
run_20260411_142335_ta_healthy_nested_cv_fusion_whole_roi_rfe_svr_svr,bio_age_ei_metadata,ridge,873,5.429310899952045,3.4331285425832734,0.6563573883161512,SUMMARY_ONLY
run_20260401_173843_ta_healthy_nested_cv_elasticnet,bio_age_ei,ridge,873,5.46387029330669,4.226655670801748,0.6884306987399771,SUMMARY_ONLY
run_20260411_010008_ta_healthy_nested_cv_fusion_whole_roi_benchmark_kernel_ridge,supplement_ei_texture_morphology,ridge,873,5.465011521381539,3.7266487115317872,0.6781214203894617,SUMMARY_ONLY
run_20260411_003506_ta_healthy_nested_cv_fusion_whole_roi_masked_cached_ridge,supplement_partition_texture,ridge,873,5.471836367852752,3.7970727577677135,0.697594501718213,SUMMARY_ONLY
run_20260401_173642_ta_healthy_nested_cv_ridge,bio_age_ei,ridge,873,5.4750218659270375,4.232234453278765,0.6895761741122566,SUMMARY_ONLY
run_20260411_010829_ta_healthy_nested_cv_fusion_whole_roi_benchmark_compact_hist_gradient_boosting,supplement_partition_depth,ridge,873,5.493100299502877,3.811076218251992,0.6884306987399771,SUMMARY_ONLY
run_20260411_005901_ta_healthy_nested_cv_fusion_whole_roi_benchmark_svr,supplement_partition_texture,ridge,873,5.496689059722323,3.3147103484487364,0.6643757159221076,SUMMARY_ONLY
run_20260410_175535_ta_healthy_nested_cv_roi_only_masked_cached_ridge,supplement_partition_width,ridge,873,5.499164717210393,4.8394328009263,0.7342497136311569,SUMMARY_ONLY
run_20260402_151438_ta_healthy_nested_cv_elasticnet,bio_age_ei,ridge,873,5.500869308068562,3.967477179140297,0.6895761741122566,SUMMARY_ONLY
run_20260411_010008_ta_healthy_nested_cv_fusion_whole_roi_benchmark_kernel_ridge,bio_age_full_image_upper_bound,ridge,873,5.502977379483089,3.6886828534302376,0.695303550973654,SUMMARY_ONLY
run_20260401_173843_ta_healthy_nested_cv_elasticnet,bio_age_ei,ridge,873,5.507651884387604,4.182874079720834,0.6861397479954181,SUMMARY_ONLY
run_20260401_173642_ta_healthy_nested_cv_ridge,bio_age_ei,ridge,873,5.515422305304937,4.191834013900865,0.6849942726231386,SUMMARY_ONLY
run_20260402_151438_ta_healthy_nested_cv_elasticnet,bio_age_ei,ridge,873,5.527706807596742,3.940639679612117,0.6815578465063001,SUMMARY_ONLY
run_20260411_005829_ta_healthy_nested_cv_fusion_whole_roi_benchmark_huber,supplement_glrlm_glszm_only,ridge,873,5.538848939533081,3.7370748290808935,0.6769759450171822,SUMMARY_ONLY
run_20260411_005829_ta_healthy_nested_cv_fusion_whole_roi_benchmark_pls_regression,supplement_partition_texture,ridge,873,5.558302280252397,3.674127597563563,0.6872852233676976,SUMMARY_ONLY
run_20260411_010008_ta_healthy_nested_cv_fusion_whole_roi_benchmark_kernel_ridge,bio_age_ei_texture,ridge,873,5.561046813006397,3.63061341990693,0.6758304696449027,SUMMARY_ONLY
run_20260410_175641_ta_healthy_nested_cv_fusion_whole_roi_masked_cached_elasticnet,supplement_partition_texture,ridge,873,5.5635705307587,3.644856750646417,0.6769759450171822,SUMMARY_ONLY
run_20260411_003506_ta_healthy_nested_cv_fusion_whole_roi_masked_cached_ridge,bio_age_ei,ridge,873,5.569081093090756,3.6998280325297097,0.6735395189003437,SUMMARY_ONLY
run_20260410_175535_ta_healthy_nested_cv_roi_only_masked_cached_ridge,supplement_partition_depth,ridge,873,5.584763533904542,4.753833984232151,0.7308132875143184,SUMMARY_ONLY
run_20260411_142335_ta_healthy_nested_cv_fusion_whole_roi_rfe_svr_svr,supplement_partition_texture,ridge,873,5.597364236050083,3.2650752064852355,0.6575028636884307,SUMMARY_ONLY
run_20260411_010008_ta_healthy_nested_cv_fusion_whole_roi_benchmark_kernel_ridge,bio_age_texture,ridge,873,5.612201403855875,3.579458829057452,0.6712485681557846,SUMMARY_ONLY
run_20260411_010829_ta_healthy_nested_cv_fusion_whole_roi_benchmark_compact_hist_gradient_boosting,supplement_partition_width,ridge,873,5.659345746330852,3.644830771424016,0.6632302405498282,SUMMARY_ONLY
run_20260401_173843_ta_healthy_nested_cv_elasticnet,supplement_partition_depth,ridge,873,5.674341102747465,4.016184861360974,0.6884306987399771,SUMMARY_ONLY
run_20260401_173642_ta_healthy_nested_cv_ridge,supplement_partition_depth,ridge,873,5.686407086871123,4.02084923233468,0.699885452462772,SUMMARY_ONLY
run_20260411_012913_ta_healthy_nested_cv_fusion_whole_roi_benchmark_xgboost,supplement_partition_depth,ridge,873,5.690432351830097,3.504475112851079,0.6746849942726232,SUMMARY_ONLY
run_20260411_005829_ta_healthy_nested_cv_fusion_whole_roi_benchmark_pls_regression,bio_age_ei,ridge,873,5.7022539660181,3.53017591179786,0.6563573883161512,SUMMARY_ONLY
run_20260410_175641_ta_healthy_nested_cv_fusion_whole_roi_masked_cached_elasticnet,bio_age_ei,ridge,873,5.706712345956548,3.501714935448568,0.6540664375715922,SUMMARY_ONLY
run_20260411_005829_ta_healthy_nested_cv_fusion_whole_roi_benchmark_huber,bio_age_ei_metadata,ridge,873,5.742462665884524,3.5334611027294507,0.6643757159221076,SUMMARY_ONLY
run_20260402_151438_ta_healthy_nested_cv_elasticnet,supplement_partition_depth,ridge,873,5.758935129102001,3.709411358106857,0.6746849942726232,SUMMARY_ONLY
run_20260411_010008_ta_healthy_nested_cv_fusion_whole_roi_benchmark_kernel_ridge,supplement_glcm_only,ridge,873,5.764227239353733,3.4274329935595933,0.6620847651775487,SUMMARY_ONLY
run_20260411_005901_ta_healthy_nested_cv_fusion_whole_roi_benchmark_svr,bio_age_ei,ridge,873,5.795632576910793,3.015766831260266,0.6391752577319587,SUMMARY_ONLY
run_20260411_003506_ta_healthy_nested_cv_fusion_whole_roi_masked_cached_ridge,bio_age_ei,ridge,873,5.807722010385465,3.461187115235001,0.6723940435280642,SUMMARY_ONLY
run_20260411_012913_ta_healthy_nested_cv_fusion_whole_roi_benchmark_xgboost,supplement_partition_width,ridge,873,5.828266203536668,3.366641261144508,0.6460481099656358,SUMMARY_ONLY
run_20260411_005829_ta_healthy_nested_cv_fusion_whole_roi_benchmark_huber,supplement_ei_morphology,ridge,873,5.860858561182898,3.415065207431077,0.6380297823596792,SUMMARY_ONLY
run_20260401_173843_ta_healthy_nested_cv_elasticnet,supplement_partition_width,ridge,873,5.86199226840807,3.8285336957003686,0.6643757159221076,SUMMARY_ONLY
run_20260401_173642_ta_healthy_nested_cv_ridge,supplement_partition_width,ridge,873,5.882085782335947,3.825170536869855,0.6632302405498282,SUMMARY_ONLY
run_20260411_142335_ta_healthy_nested_cv_fusion_whole_roi_rfe_svr_svr,bio_age_ei,ridge,873,5.891536928386085,2.970902514149234,0.6277205040091638,SUMMARY_ONLY
run_20260411_005901_ta_healthy_nested_cv_fusion_whole_roi_benchmark_svr,bio_age_ei,ridge,873,5.891720440466726,2.9196789677043338,0.6288659793814433,SUMMARY_ONLY
run_20260402_151438_ta_healthy_nested_cv_elasticnet,supplement_partition_width,ridge,873,5.892664633415068,3.5756818537937907,0.6609392898052692,SUMMARY_ONLY
run_20260411_005901_ta_healthy_nested_cv_fusion_whole_roi_benchmark_svr,supplement_partition_depth,ridge,873,5.898141578660533,2.9132578295105267,0.6540664375715922,SUMMARY_ONLY
run_20260411_005829_ta_healthy_nested_cv_fusion_whole_roi_benchmark_pls_regression,bio_age_ei,ridge,873,5.907974956989176,3.324454920826784,0.6540664375715922,SUMMARY_ONLY
run_20260411_003506_ta_healthy_nested_cv_fusion_whole_roi_masked_cached_ridge,supplement_partition_depth,ridge,873,5.913265025168797,3.355644100451669,0.6701030927835051,SUMMARY_ONLY
run_20260411_005829_ta_healthy_nested_cv_fusion_whole_roi_benchmark_huber,supplement_ei_whole_first_order,ridge,873,5.9163448511094,3.3595789175045754,0.6471935853379153,SUMMARY_ONLY
run_20260410_175641_ta_healthy_nested_cv_fusion_whole_roi_masked_cached_elasticnet,bio_age_ei,ridge,873,5.932250727281109,3.2761765541240075,0.6471935853379153,SUMMARY_ONLY
run_20260411_142335_ta_healthy_nested_cv_fusion_whole_roi_rfe_svr_svr,supplement_partition_depth,ridge,873,5.989211456392255,2.873227986143064,0.6391752577319587,SUMMARY_ONLY
run_20260411_142335_ta_healthy_nested_cv_fusion_whole_roi_rfe_svr_svr,bio_age_ei,ridge,873,5.991108905953699,2.8713305365816195,0.6242840778923253,SUMMARY_ONLY
run_20260410_175641_ta_healthy_nested_cv_fusion_whole_roi_masked_cached_elasticnet,supplement_partition_depth,ridge,873,5.996074637128578,3.212352644276539,0.6643757159221076,SUMMARY_ONLY
run_20260401_175400_ta_healthy_nested_cv_random_forest,supplement_depthnorm_ei,ridge,873,5.998003832182611,3.862889676790279,0.6552119129438717,SUMMARY_ONLY
run_20260411_010008_ta_healthy_nested_cv_fusion_whole_roi_benchmark_kernel_ridge,supplement_lbp_only,ridge,873,6.038318925285382,3.1533413076279446,0.6380297823596792,SUMMARY_ONLY
run_20260411_005829_ta_healthy_nested_cv_fusion_whole_roi_benchmark_pls_regression,supplement_partition_depth,ridge,873,6.055131285873159,3.177298591942801,0.6620847651775487,SUMMARY_ONLY
run_20260411_005829_ta_healthy_nested_cv_fusion_whole_roi_benchmark_huber,supplement_whole_first_order,ridge,873,6.078695242380732,3.1972285262332427,0.6529209621993127,SUMMARY_ONLY
run_20260411_003506_ta_healthy_nested_cv_fusion_whole_roi_masked_cached_ridge,supplement_partition_width,ridge,873,6.10125944699696,3.1676496786235058,0.6414662084765178,SUMMARY_ONLY
run_20260411_005901_ta_healthy_nested_cv_fusion_whole_roi_benchmark_svr,supplement_partition_width,ridge,873,6.103923283474341,2.7074761246967185,0.6288659793814433,SUMMARY_ONLY
run_20260410_173622_ta_healthy_nested_cv_roi_only_masked_elasticnet,supplement_depthnorm_ei,ridge,873,6.167972525956319,4.251890074272776,0.6815578465063001,SUMMARY_ONLY
run_20260411_142335_ta_healthy_nested_cv_fusion_whole_roi_rfe_svr_svr,supplement_partition_width,ridge,873,6.207633205168894,2.654806237366425,0.6231386025200458,SUMMARY_ONLY
run_20260410_175641_ta_healthy_nested_cv_fusion_whole_roi_masked_cached_elasticnet,supplement_partition_width,ridge,873,6.2102497383587245,2.998177543046392,0.6288659793814433,SUMMARY_ONLY
run_20260411_005829_ta_healthy_nested_cv_fusion_whole_roi_benchmark_pls_regression,supplement_partition_width,ridge,873,6.229455612419367,3.0029742653965927,0.6277205040091638,SUMMARY_ONLY
run_20260411_005829_ta_healthy_nested_cv_fusion_whole_roi_benchmark_huber,supplement_ei_partition,ridge,873,6.287629272941683,2.9882944956722914,0.6380297823596792,SUMMARY_ONLY
run_20260411_010008_ta_healthy_nested_cv_fusion_whole_roi_benchmark_kernel_ridge,supplement_glrlm_glszm_only,ridge,873,6.331657260840937,2.8600029720723894,0.6414662084765178,SUMMARY_ONLY
run_20260410_175535_ta_healthy_nested_cv_roi_only_masked_cached_ridge,supplement_depthnorm_ei,ridge,873,6.341323349037243,3.99727416909945,0.6827033218785796,SUMMARY_ONLY
run_20260411_010829_ta_healthy_nested_cv_fusion_whole_roi_benchmark_compact_hist_gradient_boosting,supplement_depthnorm_ei,ridge,873,6.38190378536414,2.922272732390728,0.6219931271477663,SUMMARY_ONLY
run_20260411_012913_ta_healthy_nested_cv_fusion_whole_roi_benchmark_xgboost,supplement_depthnorm_ei,ridge,873,6.425901314433085,2.7690061502480905,0.6174112256586484,SUMMARY_ONLY
run_20260411_005829_ta_healthy_nested_cv_fusion_whole_roi_benchmark_huber,supplement_partition_texture,ridge,873,6.4880794263282775,2.7878443422856973,0.6345933562428407,SUMMARY_ONLY
run_20260401_173843_ta_healthy_nested_cv_elasticnet,supplement_depthnorm_ei,ridge,873,6.512617574325089,3.177908389783349,0.6277205040091638,SUMMARY_ONLY
run_20260401_173642_ta_healthy_nested_cv_ridge,supplement_depthnorm_ei,ridge,873,6.535889257127588,3.1713670620782146,0.6345933562428407,SUMMARY_ONLY
run_20260411_010008_ta_healthy_nested_cv_fusion_whole_roi_benchmark_kernel_ridge,supplement_ei_whole_first_order,ridge,873,6.618869040396666,2.572791192516661,0.6082474226804123,SUMMARY_ONLY
run_20260411_010008_ta_healthy_nested_cv_fusion_whole_roi_benchmark_kernel_ridge,supplement_whole_first_order,ridge,873,6.644818501078943,2.546841731834384,0.6139747995418099,SUMMARY_ONLY
run_20260402_151438_ta_healthy_nested_cv_elasticnet,supplement_depthnorm_ei,ridge,873,6.652710511545026,2.8156359756638327,0.6185567010309279,SUMMARY_ONLY
run_20260411_010008_ta_healthy_nested_cv_fusion_whole_roi_benchmark_kernel_ridge,bio_age_ei_metadata,ridge,873,6.6537371280625885,2.537923104850738,0.6162657502863689,SUMMARY_ONLY
run_20260411_010008_ta_healthy_nested_cv_fusion_whole_roi_benchmark_kernel_ridge,supplement_ei_morphology,ridge,873,6.675517333048011,2.516142899865316,0.6197021764032073,SUMMARY_ONLY
run_20260411_005829_ta_healthy_nested_cv_fusion_whole_roi_benchmark_huber,bio_age_ei,ridge,873,6.740441925989054,2.535481842624921,0.5933562428407789,SUMMARY_ONLY
run_20260411_003506_ta_healthy_nested_cv_fusion_whole_roi_masked_cached_ridge,supplement_depthnorm_ei,ridge,873,6.765790860091282,2.503118265529184,0.6105383734249714,SUMMARY_ONLY
run_20260411_005901_ta_healthy_nested_cv_fusion_whole_roi_benchmark_svr,supplement_depthnorm_ei,ridge,873,6.804621265584397,2.006778142586662,0.579610538373425,SUMMARY_ONLY
run_20260411_005829_ta_healthy_nested_cv_fusion_whole_roi_benchmark_pls_regression,supplement_depthnorm_ei,ridge,873,6.843440759217404,2.3889891185985563,0.6139747995418099,SUMMARY_ONLY
run_20260411_142335_ta_healthy_nested_cv_fusion_whole_roi_rfe_svr_svr,supplement_depthnorm_ei,ridge,873,6.879034693818967,1.983404748716352,0.588774341351661,SUMMARY_ONLY
run_20260410_175641_ta_healthy_nested_cv_fusion_whole_roi_masked_cached_elasticnet,supplement_depthnorm_ei,ridge,873,6.89218216359054,2.316245117814576,0.5990836197021764,SUMMARY_ONLY
run_20260411_005829_ta_healthy_nested_cv_fusion_whole_roi_benchmark_huber,supplement_partition_depth,ridge,873,6.9245029956647945,2.3514207729491803,0.6277205040091638,SUMMARY_ONLY
run_20260411_010008_ta_healthy_nested_cv_fusion_whole_roi_benchmark_kernel_ridge,supplement_ei_partition,ridge,873,6.939273876572541,2.2523863563407858,0.6139747995418099,SUMMARY_ONLY
run_20260411_005829_ta_healthy_nested_cv_fusion_whole_roi_benchmark_huber,bio_age_ei,ridge,873,7.004094751820889,2.271829016793085,0.5922107674684994,SUMMARY_ONLY
run_20260411_010008_ta_healthy_nested_cv_fusion_whole_roi_benchmark_kernel_ridge,supplement_partition_texture,ridge,873,7.111702214258904,2.0799580186544224,0.5967926689576174,SUMMARY_ONLY
run_20260411_005829_ta_healthy_nested_cv_fusion_whole_roi_benchmark_huber,supplement_partition_width,ridge,873,7.171578454501234,2.1043453141127406,0.5910652920962199,SUMMARY_ONLY
run_20260411_010008_ta_healthy_nested_cv_fusion_whole_roi_benchmark_kernel_ridge,bio_age_ei,ridge,873,7.332125773340245,1.8595344595730816,0.5773195876288659,SUMMARY_ONLY
run_20260411_010008_ta_healthy_nested_cv_fusion_whole_roi_benchmark_kernel_ridge,bio_age_ei,ridge,873,7.391595141486479,1.8000650914268477,0.5750286368843069,SUMMARY_ONLY
run_20260411_010008_ta_healthy_nested_cv_fusion_whole_roi_benchmark_kernel_ridge,supplement_partition_depth,ridge,873,7.507784979261704,1.6838752536516228,0.5807560137457045,SUMMARY_ONLY
run_20260411_005829_ta_healthy_nested_cv_fusion_whole_roi_benchmark_huber,supplement_depthnorm_ei,ridge,873,7.619704480206384,1.6562192884075913,0.5750286368843069,SUMMARY_ONLY
run_20260411_010008_ta_healthy_nested_cv_fusion_whole_roi_benchmark_kernel_ridge,supplement_partition_width,ridge,873,7.719770664092533,1.4718895688207931,0.56815578465063,SUMMARY_ONLY
run_20260410_173622_ta_healthy_nested_cv_roi_only_masked_elasticnet,bio_age_morphology,ridge,873,7.766296033212,2.653566567017095,0.6174112256586484,SUMMARY_ONLY
run_20260410_173622_ta_healthy_nested_cv_roi_only_masked_elasticnet,bio_age_morphology,ridge,873,7.855483757714685,2.56437884251441,0.6231386025200458,SUMMARY_ONLY
run_20260410_175535_ta_healthy_nested_cv_roi_only_masked_cached_ridge,bio_age_morphology,ridge,873,7.924154767825934,2.4144427503107586,0.6036655211912944,SUMMARY_ONLY
run_20260410_175535_ta_healthy_nested_cv_roi_only_masked_cached_ridge,bio_age_morphology,ridge,873,8.035599983350561,2.302997534786132,0.6093928980526919,SUMMARY_ONLY
run_20260411_010008_ta_healthy_nested_cv_fusion_whole_roi_benchmark_kernel_ridge,supplement_depthnorm_ei,ridge,873,8.06153500164471,1.1301252312686163,0.5567010309278351,SUMMARY_ONLY
run_20260410_173622_ta_healthy_nested_cv_roi_only_masked_elasticnet,supplement_metadata_only,ridge,873,8.218097968554735,2.20176463167436,0.581901489117984,SUMMARY_ONLY
run_20260411_010829_ta_healthy_nested_cv_fusion_whole_roi_benchmark_compact_hist_gradient_boosting,bio_age_morphology,ridge,873,8.236142309456827,1.068034208298041,0.5383734249713631,SUMMARY_ONLY
run_20260411_012913_ta_healthy_nested_cv_fusion_whole_roi_benchmark_xgboost,bio_age_morphology,ridge,873,8.240867533724444,0.954039930956732,0.5315005727376861,SUMMARY_ONLY
run_20260401_175400_ta_healthy_nested_cv_random_forest,bio_age_morphology,ridge,873,8.244672258698152,1.6162212502747373,0.563573883161512,SUMMARY_ONLY
run_20260401_175400_ta_healthy_nested_cv_random_forest,bio_age_morphology,ridge,873,8.246369472162279,1.6145240368106109,0.5589919816723941,SUMMARY_ONLY
run_20260401_173843_ta_healthy_nested_cv_elasticnet,bio_age_morphology,ridge,873,8.271437024601978,1.4190889395064603,0.565864833906071,SUMMARY_ONLY
run_20260411_012913_ta_healthy_nested_cv_fusion_whole_roi_benchmark_xgboost,bio_age_morphology,ridge,873,8.28129111254379,0.9136163521373852,0.5257731958762887,SUMMARY_ONLY
run_20260411_010829_ta_healthy_nested_cv_fusion_whole_roi_benchmark_compact_hist_gradient_boosting,bio_age_morphology,ridge,873,8.284636980615726,1.019539537139142,0.5326460481099656,SUMMARY_ONLY
run_20260401_173642_ta_healthy_nested_cv_ridge,bio_age_morphology,ridge,873,8.303885500650113,1.4033708185556897,0.5624284077892325,SUMMARY_ONLY
run_20260401_173843_ta_healthy_nested_cv_elasticnet,bio_age_morphology,ridge,873,8.316345010838479,1.3741809532699598,0.5567010309278351,SUMMARY_ONLY
run_20260401_173843_ta_healthy_nested_cv_elasticnet,supplement_metadata_only,ridge,873,8.317570880008663,1.3729550840997753,0.5486827033218786,SUMMARY_ONLY
run_20260401_173642_ta_healthy_nested_cv_ridge,supplement_metadata_only,ridge,873,8.33727689676206,1.369979422443743,0.54524627720504,SUMMARY_ONLY
run_20260401_173642_ta_healthy_nested_cv_ridge,bio_age_morphology,ridge,873,8.345403633830959,1.3618526853748438,0.5555555555555556,SUMMARY_ONLY
run_20260402_151438_ta_healthy_nested_cv_elasticnet,bio_age_morphology,ridge,873,8.39414274326198,1.074203743946878,0.5441008018327605,SUMMARY_ONLY
run_20260411_003506_ta_healthy_nested_cv_fusion_whole_roi_masked_cached_ridge,bio_age_morphology,ridge,873,8.41744527721815,0.8514638484023163,0.5097365406643757,SUMMARY_ONLY
run_20260410_175535_ta_healthy_nested_cv_roi_only_masked_cached_ridge,supplement_metadata_only,ridge,873,8.423173794509214,1.9154237236274785,0.56815578465063,SUMMARY_ONLY
run_20260402_151438_ta_healthy_nested_cv_elasticnet,bio_age_morphology,ridge,873,8.46679195391405,1.001554533294808,0.5337915234822451,SUMMARY_ONLY
run_20260410_175641_ta_healthy_nested_cv_fusion_whole_roi_masked_cached_elasticnet,bio_age_morphology,ridge,873,8.484480806499908,0.7239464749052082,0.5166093928980527,SUMMARY_ONLY
run_20260410_173622_ta_healthy_nested_cv_roi_only_masked_elasticnet,bio_age_morphology,ridge,873,8.508033038362326,1.911829561866769,0.5784650630011455,SUMMARY_ONLY
run_20260402_151438_ta_healthy_nested_cv_elasticnet,supplement_metadata_only,ridge,873,8.514855810213435,0.9534906769954236,0.5303550973654066,SUMMARY_ONLY
run_20260411_005829_ta_healthy_nested_cv_fusion_whole_roi_benchmark_pls_regression,bio_age_morphology,ridge,873,8.518761570031407,0.7136683077845536,0.5234822451317297,SUMMARY_ONLY
run_20260411_003506_ta_healthy_nested_cv_fusion_whole_roi_masked_cached_ridge,bio_age_morphology,ridge,873,8.553971914056504,0.7149372115639618,0.5189003436426117,SUMMARY_ONLY
run_20260401_175400_ta_healthy_nested_cv_random_forest,supplement_metadata_only,ridge,873,8.559379909092,1.3015135998808898,0.5303550973654066,SUMMARY_ONLY
run_20260410_175535_ta_healthy_nested_cv_roi_only_masked_cached_ridge,bio_age_morphology,ridge,873,8.615196978064851,1.7234005400718413,0.5670103092783505,SUMMARY_ONLY
run_20260410_175641_ta_healthy_nested_cv_fusion_whole_roi_masked_cached_elasticnet,bio_age_morphology,ridge,873,8.624607129449101,0.5838201519560151,0.5051546391752577,SUMMARY_ONLY
run_20260411_010829_ta_healthy_nested_cv_fusion_whole_roi_benchmark_compact_hist_gradient_boosting,supplement_metadata_only,ridge,873,8.64068812787099,0.663488389883879,0.5211912943871707,SUMMARY_ONLY
run_20260411_012913_ta_healthy_nested_cv_fusion_whole_roi_benchmark_xgboost,supplement_metadata_only,ridge,873,8.64102252673077,0.5538849379504054,0.5108820160366552,SUMMARY_ONLY
run_20260411_005829_ta_healthy_nested_cv_fusion_whole_roi_benchmark_pls_regression,bio_age_morphology,ridge,873,8.657200795819534,0.5752290819964259,0.5177548682703322,SUMMARY_ONLY
run_20260411_005901_ta_healthy_nested_cv_fusion_whole_roi_benchmark_svr,bio_age_morphology,ridge,873,8.657263302717913,0.154136105453146,0.4994272623138602,SUMMARY_ONLY
run_20260411_005901_ta_healthy_nested_cv_fusion_whole_roi_benchmark_svr,bio_age_morphology,ridge,873,8.680965775891872,0.1304336322791872,0.5074455899198167,SUMMARY_ONLY
run_20260411_142335_ta_healthy_nested_cv_fusion_whole_roi_rfe_svr_svr,bio_age_morphology,ridge,873,8.693163357197228,0.1692760853380903,0.4982817869415807,SUMMARY_ONLY
run_20260411_142335_ta_healthy_nested_cv_fusion_whole_roi_rfe_svr_svr,bio_age_morphology,ridge,873,8.710957229883796,0.1514822126515227,0.5074455899198167,SUMMARY_ONLY
run_20260401_175400_ta_healthy_nested_cv_random_forest,bio_age_morphology,ridge,873,8.848886135876665,1.012007373096225,0.5315005727376861,SUMMARY_ONLY
run_20260411_003506_ta_healthy_nested_cv_fusion_whole_roi_masked_cached_ridge,supplement_metadata_only,ridge,873,8.904467314590745,0.3644418110297209,0.5234822451317297,SUMMARY_ONLY
run_20260411_005829_ta_healthy_nested_cv_fusion_whole_roi_benchmark_pls_regression,supplement_metadata_only,ridge,873,8.95933307757362,0.2730968002423406,0.5097365406643757,SUMMARY_ONLY
run_20260410_175641_ta_healthy_nested_cv_fusion_whole_roi_masked_cached_elasticnet,supplement_metadata_only,ridge,873,8.977898118219393,0.2305291631857233,0.5097365406643757,SUMMARY_ONLY
run_20260411_142335_ta_healthy_nested_cv_fusion_whole_roi_rfe_svr_svr,supplement_metadata_only,ridge,873,9.081579933415505,-0.2191404908801839,0.4971363115693012,SUMMARY_ONLY
run_20260411_005901_ta_healthy_nested_cv_fusion_whole_roi_benchmark_svr,supplement_metadata_only,ridge,873,9.104572646555942,-0.2931732383848828,0.4936998854524628,SUMMARY_ONLY
run_20260411_005829_ta_healthy_nested_cv_fusion_whole_roi_benchmark_huber,bio_age_morphology,ridge,873,9.115111555871646,0.1608122127423286,0.4868270332187858,SUMMARY_ONLY
run_20260401_173843_ta_healthy_nested_cv_elasticnet,bio_age_morphology,ridge,873,9.118224145695502,0.5723018184129369,0.5257731958762887,SUMMARY_ONLY
run_20260411_010829_ta_healthy_nested_cv_fusion_whole_roi_benchmark_compact_hist_gradient_boosting,bio_age_morphology,ridge,873,9.129992923941256,0.1741835938136127,0.4994272623138602,SUMMARY_ONLY
run_20260401_173642_ta_healthy_nested_cv_ridge,bio_age_morphology,ridge,873,9.139691246895824,0.5675650723099785,0.5211912943871707,SUMMARY_ONLY
run_20260411_012913_ta_healthy_nested_cv_fusion_whole_roi_benchmark_xgboost,bio_age_morphology,ridge,873,9.168009681441172,0.0268977832400025,0.4868270332187858,SUMMARY_ONLY
run_20260411_005829_ta_healthy_nested_cv_fusion_whole_roi_benchmark_huber,bio_age_morphology,ridge,873,9.242728127484227,0.0331956411297476,0.4833906071019473,SUMMARY_ONLY
run_20260411_005829_ta_healthy_nested_cv_fusion_whole_roi_benchmark_pls_regression,bio_age_morphology,ridge,873,9.270932279823445,-0.0385024020074826,0.4925544100801833,SUMMARY_ONLY
run_20260411_003506_ta_healthy_nested_cv_fusion_whole_roi_masked_cached_ridge,bio_age_morphology,ridge,873,9.279476272982834,-0.0105671473623676,0.4948453608247423,SUMMARY_ONLY
run_20260410_175641_ta_healthy_nested_cv_fusion_whole_roi_masked_cached_elasticnet,bio_age_morphology,ridge,873,9.311629171150008,-0.1032018897448914,0.4822451317296678,SUMMARY_ONLY
run_20260411_010008_ta_healthy_nested_cv_fusion_whole_roi_benchmark_kernel_ridge,bio_age_morphology,ridge,873,9.334614204902875,-0.1429539719895505,0.5051546391752577,SUMMARY_ONLY
run_20260411_010008_ta_healthy_nested_cv_fusion_whole_roi_benchmark_kernel_ridge,bio_age_morphology,ridge,873,9.345658794145583,-0.1539985612322585,0.4902634593356242,SUMMARY_ONLY
run_20260402_151438_ta_healthy_nested_cv_elasticnet,bio_age_morphology,ridge,873,9.380400780753286,0.0879457064555726,0.5040091638029782,SUMMARY_ONLY
run_20260411_005901_ta_healthy_nested_cv_fusion_whole_roi_benchmark_svr,bio_age_morphology,ridge,873,9.600583021498789,-0.7891836133277277,0.4639175257731959,SUMMARY_ONLY
run_20260411_142335_ta_healthy_nested_cv_fusion_whole_roi_rfe_svr_svr,bio_age_morphology,ridge,873,9.621557304428146,-0.7591178618928272,0.4650630011454754,SUMMARY_ONLY
run_20260411_005829_ta_healthy_nested_cv_fusion_whole_roi_benchmark_huber,supplement_metadata_only,ridge,873,9.63455551610105,-0.3586317474870757,0.4936998854524628,SUMMARY_ONLY
run_20260411_010008_ta_healthy_nested_cv_fusion_whole_roi_benchmark_kernel_ridge,supplement_metadata_only,ridge,873,9.720134006509344,-0.5284737735960174,0.4822451317296678,SUMMARY_ONLY
run_20260411_005829_ta_healthy_nested_cv_fusion_whole_roi_benchmark_huber,bio_age_morphology,ridge,873,9.88356164149924,-0.6076378728852649,0.4467353951890034,SUMMARY_ONLY
run_20260411_010008_ta_healthy_nested_cv_fusion_whole_roi_benchmark_kernel_ridge,bio_age_morphology,ridge,873,10.3346352062462,-1.1429749733328745,0.4650630011454754,SUMMARY_ONLY
